-- Insert values from 1 to 32
INSERT INTO teeth (teethID)
VALUES  (1), 
        (2), 
        (3), 
        (4), 
        (5), 
        (6), 
        (7), 
        (8), 
        (9), 
       (10),
       (11), 
       (12), 
       (13), 
       (14), 
       (15), 
       (16), 
       (17), 
       (18), 
       (19), 
       (20),
       (21), 
       (22), 
       (23), 
       (24), 
       (25), 
       (26), 
       (27), 
       (28), 
       (29), 
       (30),
       (31), 
       (32);



-- Insert some sample data
INSERT INTO patients (patientsId)
VALUES 
    ('P001');


INSERT INTO CONSULTATION (patientsId, BUDGET, DATECONSULTATION)
VALUES 
    ('P001', 150.50, '2024-01-07');



-- Inserting anomalies for the consultation with CONSULTATIONID = 1
INSERT INTO CLIENT_TEETH_ANOMALY (CONSULTATIONID, TOOTHID, note)
VALUES 
    (1, 1, 5),  -- Anomaly for ToothID = 1 with note 5
    (1, 3, 3),  -- Anomaly for ToothID = 3 with note 3
    (1, 5, 4);  -- Anomaly for ToothID = 5 with note 4



-- Insert data for all 32 teeth
INSERT INTO REPARATION (reparationid ,teethiD, note, price, nextreparation)
VALUES

    (-01,1, 0, 100.0,  null),
    (-02,2, 0, 80.0,   null),
    (-03,3, 0, 120.0,  null),
    (-04,4, 0, 90.0,   null),
    (-05,5, 0, 150.0,  null),
    (-06,6, 0, 110.0,  null),
    (-07,7, 0, 130.0,  null),
    (-08,8, 0, 70.0,   null),
    (-09,9, 0, 160.0,  null),
    (-010,10,0, 120.0,  null),
    (-011,11,0, 80.0,   null),
    (-012,12,0, 130.0,  null),
    (-013,13,0, 100.0,  null),
    (-014,14,0, 140.0,  null),
    (-015,15,0, 110.0,  null),
    (-016,16,0, 90.0,   null),
    (-017,17,0, 60.0,   null),
    (-018,18,0, 170.0,  null),
    (-019,19,0, 130.0,  null),
    (-020,20,0, 85.0,   null),
    (-021,21,0, 140.0,  null),
    (-022,22,0, 95.0,   null),
    (-023,23,0, 150.0,  null),
    (-024,24,0, 115.0,  null),
    (-025,25,0, 95.0,   null),
    (-026,26,0, 65.0,   null),
    (-027,27,0, 180.0,  null),
    (-028,28,0, 140.0,  null),
    (-029,29,0, 90.0,   null),
    (-030,30,0, 150.0,  null),
    (-031,31,0, 100.0,  null),
    (-032,32,0, 160.0,  null),

    (91, 1,9, 100.0,  null),
    (92, 2,9, 80.0,   null),
    (93, 3,9, 120.0,  null),
    (94, 4,9, 90.0,   null),
    (95, 5,9, 150.0,  null),
    (96, 6,9, 110.0,  null),
    (97, 7,9, 130.0,  null),
    (98, 8,9, 70.0,   null),
    (99, 9,9, 160.0,  null),
    (910,10,9, 120.0,  null),
    (911,11,9, 80.0,   null),
    (912,12,9, 130.0,  null),
    (913,13,9, 100.0,  null),
    (914,14,9, 140.0,  null),
    (915,15,9, 110.0,  null),
    (916,16,9, 90.0,   null),
    (917,17,9, 60.0,   null),
    (918,18,9, 170.0,  null),
    (919,19,9, 130.0,  null),
    (920,20,9, 85.0,   null),
    (921,21,9, 140.0,  null),
    (922,22,9, 95.0,   null),
    (923,23,9, 150.0,  null),
    (924,24,9, 115.0,  null),
    (925,25,9, 95.0,   null),
    (926,26,9, 65.0,   null),
    (927,27,9, 180.0,  null),
    (928,28,9, 140.0,  null),
    (929,29,9, 90.0,   null),
    (930,30,9, 150.0,  null),
    (931,31,9, 100.0,  null),
    (932,32,9, 160.0,  null),

    (81, 1,8, 100.0,  91),
    (82, 2,8, 80.0,   92),
    (83, 3,8, 120.0,  93),
    (84, 4,8, 90.0,   94),
    (85, 5,8, 150.0,  95),
    (86, 6,8, 110.0,  96),
    (87, 7,8, 130.0,  97),
    (88, 8,8, 70.0,   98),
    (89, 9,8, 160.0,  99),
    (810,10,8, 120.0,  910),
    (811,11,8, 80.0,   911),
    (812,12,8, 130.0,  912),
    (813,13,8, 100.0,  913),
    (814,14,8, 140.0,  914),
    (815,15,8, 110.0,  915),
    (816,16,8, 90.0,   916),
    (817,17,8, 60.0,   917),
    (818,18,8, 170.0,  918),
    (819,19,8, 130.0,  919),
    (820,20,8, 85.0,   920),
    (821,21,8, 140.0,  921),
    (822,22,8, 95.0,   922),
    (823,23,8, 150.0,  923),
    (824,24,8, 115.0,  924),
    (825,25,8, 95.0,   925),
    (826,26,8, 65.0,   926),
    (827,27,8, 180.0,  927),
    (828,28,8, 140.0,  928),
    (829,29,8, 90.0,   929),
    (830,30,8, 150.0,  930),
    (831,31,8, 100.0,  931),
    (832,32,8, 160.0,  932) ,

    (71, 1,7, 100.0,  81),
    (72, 2,7, 80.0,   82),
    (73, 3,7, 120.0,  83),
    (74, 4,7, 90.0,   84),
    (75, 5,7, 150.0,  85),
    (76, 6,7, 110.0,  86),
    (77, 7,7, 130.0,  87),
    (78, 8,7, 70.0,   88),
    (79, 9,7, 160.0,  89),
    (710,10,7, 120.0,  810),
    (711,11,7, 80.0,   811),
    (712,12,7, 130.0,  812),
    (713,13,7, 100.0,  813),
    (714,14,7, 140.0,  814),
    (715,15,7, 110.0,  815),
    (716,16,7, 90.0,   816),
    (717,17,7, 60.0,   817),
    (718,18,7, 170.0,  818),
    (719,19,7, 130.0,  819),
    (720,20,7, 85.0,   820),
    (721,21,7, 140.0,  821),
    (722,22,7, 95.0,   822),
    (723,23,7, 150.0,  823),
    (724,24,7, 115.0,  824),
    (725,25,7, 95.0,   825),
    (726,26,7, 65.0,   826),
    (727,27,7, 180.0,  827),
    (728,28,7, 140.0,  828),
    (729,29,7, 90.0,   829),
    (730,30,7, 150.0,  830),
    (731,31,7, 100.0,  831),
    (732,32,7, 160.0,  832),

    (61, 1,6, 100.0,  71),
    (62, 2,6, 80.0,   72),
    (63, 3,6, 120.0,  73),
    (64, 4,6, 90.0,   74),
    (65, 5,6, 150.0,  75),
    (66, 6,6, 110.0,  76),
    (67, 7,6, 130.0,  77),
    (68, 8,6, 70.0,   78),
    (69, 9,6, 160.0,  79),
    (610,10,6, 120.0,  710),
    (611,11,6, 80.0,   711),
    (612,12,6, 130.0,  712),
    (613,13,6, 100.0,  713),
    (614,14,6, 140.0,  714),
    (615,15,6, 110.0,  715),
    (616,16,6, 90.0,   716),
    (617,17,6, 60.0,   717),
    (618,18,6, 170.0,  718),
    (619,19,6, 130.0,  719),
    (620,20,6, 85.0,   720),
    (621,21,6, 140.0,  721),
    (622,22,6, 95.0,   722),
    (623,23,6, 150.0,  723),
    (624,24,6, 115.0,  724),
    (625,25,6, 95.0,   725),
    (626,26,6, 65.0,   726),
    (627,27,6, 180.0,  727),
    (628,28,6, 140.0,  728),
    (629,29,6, 90.0,   729),
    (630,30,6, 150.0,  730),
    (631,31,6, 100.0,  731),
    (632,32,6, 160.0,  732),

    (51 ,1,5, 100.0,  61),
    (52 ,2,5, 80.0,   62),
    (53 ,3,5, 120.0,  63),
    (54 ,4,5, 90.0,   64),
    (55 ,5,5, 150.0,  65),
    (56 ,6,5, 110.0,  66),
    (57 ,7,5, 130.0,  67),
    (58 ,8,5, 70.0,   68),
    (59 ,9,5, 160.0,  69),
    (510,10,5, 120.0,  610),
    (511,11,5, 80.0,   611),
    (512,12,5, 130.0,  612),
    (513,13,5, 100.0,  613),
    (514,14,5, 140.0,  614),
    (515,15,5, 110.0,  615),
    (516,16,5, 90.0,   616),
    (517,17,5, 60.0,   617),
    (518,18,5, 170.0,  618),
    (519,19,5, 130.0,  619),
    (520,20,5, 85.0,   620),
    (521,21,5, 140.0,  621),
    (522,22,5, 95.0,   622),
    (523,23,5, 150.0,  623),
    (524,24,5, 115.0,  624),
    (525,25,5, 95.0,   625),
    (526,26,5, 65.0,   626),
    (527,27,5, 180.0,  627),
    (528,28,5, 140.0,  628),
    (529,29,5, 90.0,   629),
    (530,30,5, 150.0,  630),
    (531,31,5, 100.0,  631),
    (532,32,5, 160.0,  632),


    (41,1, 4, 100.0,   51),
    (42,2, 4, 80.0,    52),
    (43,3, 4, 120.0,   53),
    (44,4, 4, 90.0,    54),
    (45,5, 4, 150.0,   55),
    (46,6, 4, 110.0,   56),
    (47,7, 4, 130.0,   57),
    (48,8, 4, 70.0,    58),
    (49,9, 4, 160.0,   59),
    (410,10,4, 120.0,  510),
    (411,11,4, 80.0,   511),
    (412,12,4, 130.0,  512),
    (413,13,4, 100.0,  513),
    (414,14,4, 140.0,  514),
    (415,15,4, 110.0,  515),
    (416,16,4, 90.0,   516),
    (417,17,4, 60.0,   517),
    (418,18,4, 170.0,  518),
    (419,19,4, 130.0,  519),
    (420,20,4, 85.0,   520),
    (421,21,4, 140.0,  521),
    (422,22,4, 95.0,   522),
    (423,23,4, 150.0,  523),
    (424,24,4, 115.0,  524),
    (425,25,4, 95.0,   525),
    (426,26,4, 65.0,   526),
    (427,27,4, 180.0,  527),
    (428,28,4, 140.0,  528),
    (429,29,4, 90.0,   529),
    (430,30,4, 150.0,  530),
    (431,31,4, 100.0,  531),
    (432,32,4, 160.0,  532),

    (31,1, 3, 100.0,   -01),
    (32,2, 3, 80.0,    -02),
    (33,3, 3, 120.0,   -03),
    (34,4, 3, 90.0,    -04),
    (35,5, 3, 150.0,   -05),
    (36,6, 3, 110.0,   -06),
    (37,7, 3, 130.0,   -07),
    (38,8, 3, 70.0,    -08),
    (39,9, 3, 160.0,   -09),
    (310,10,3, 120.0,  -010),
    (311,11,3, 80.0,   -011),
    (312,12,3, 130.0,  -012),
    (313,13,3, 100.0,  -013),
    (314,14,3, 140.0,  -014),
    (315,15,3, 110.0,  -015),
    (316,16,3, 90.0,   -016),
    (317,17,3, 60.0,   -017),
    (318,18,3, 170.0,  -018),
    (319,19,3, 130.0,  -019),
    (320,20,3, 85.0,   -020),
    (321,21,3, 140.0,  -021),
    (322,22,3, 95.0,   -022),
    (323,23,3, 150.0,  -023),
    (324,24,3, 115.0,  -024),
    (325,25,3, 95.0,   -025),
    (326,26,3, 65.0,   -026),
    (327,27,3, 180.0,  -027),
    (328,28,3, 140.0,  -028),
    (329,29,3, 90.0,   -029),
    (330,30,3, 150.0,  -030),
    (331,31,3, 100.0,  -031),
    (332,32,3, 160.0,  -032),

    (21,1, 2, 100.0,   -01),
    (22,2, 2, 80.0,    -02),
    (23,3, 2, 120.0,   -03),
    (24,4, 2, 90.0,    -04),
    (25,5, 2, 150.0,   -05),
    (26,6, 2, 110.0,   -06),
    (27,7, 2, 130.0,   -07),
    (28,8, 2, 70.0,    -08),
    (29,9, 2, 160.0,   -09),
    (210,10,2, 120.0,  -010),
    (211,11,2, 80.0,   -011),
    (212,12,2, 130.0,  -012),
    (213,13,2, 100.0,  -013),
    (214,14,2, 140.0,  -014),
    (215,15,2, 110.0,  -015),
    (216,16,2, 90.0,   -016),
    (217,17,2, 60.0,   -017),
    (218,18,2, 170.0,  -018),
    (219,19,2, 130.0,  -019),
    (220,20,2, 85.0,   -020),
    (221,21,2, 140.0,  -021),
    (222,22,2, 95.0,   -022),
    (223,23,2, 150.0,  -023),
    (224,24,2, 115.0,  -024),
    (225,25,2, 95.0,   -025),
    (226,26,2, 65.0,   -026),
    (227,27,2, 180.0,  -027),
    (228,28,2, 140.0,  -028),
    (229,29,2, 90.0,   -029),
    (230,30,2, 150.0,  -030),
    (231,31,2, 100.0,  -031),
    (232,32,2, 160.0,  -032),

    (11,1, 1, 100.0,  -01),
    (12,2, 1, 80.0,   -02),
    (13,3, 1, 120.0,  -03),
    (14,4, 1, 90.0,   -04),
    (15,5, 1, 150.0,  -05),
    (16,6, 1, 110.0,  -06),
    (17,7, 1, 130.0,  -07),
    (18,8, 1, 70.0,   -08),
    (19,9, 1, 160.0,  -09),
    (110,10,1, 120.0, -010),
    (111,11,1, 80.0,  -011),
    (112,12,1, 130.0, -012),
    (113,13,1, 100.0, -013),
    (114,14,1, 140.0, -014),
    (115,15,1, 110.0, -015),
    (116,16,1, 90.0,  -016),
    (117,17,1, 60.0,  -017),
    (118,18,1, 170.0, -018),
    (119,19,1, 130.0, -019),
    (120,20,1, 85.0,  -020),
    (121,21,1, 140.0, -021),
    (122,22,1, 95.0,  -022),
    (123,23,1, 150.0, -023),
    (124,24,1, 115.0, -024),
    (125,25,1, 95.0,  -025),
    (126,26,1, 65.0,  -026),
    (127,27,1, 180.0, -027),
    (128,28,1, 140.0, -028),
    (129,29,1, 90.0,  -029),
    (130,30,1, 150.0, -030),
    (131,31,1, 100.0, -031),
    (132,32,1, 160.0, -032);


-- donnees area condition si avec image
insert into areaconditionnote values(default,9,1,263),(default,0,263,1200);
-- tokony mbola hisy hafa













